{"cameraMode":{"drawMode":0,"name":"Shaded","section":"Shading Mode"},"sceneLighting":false,"audioPlay":false,"sceneViewState":{"m_AlwaysRefresh":false,"showFog":true,"showSkybox":false,"showFlares":true,"showImageEffects":true,"showParticleSystems":true,"showVisualEffectGraphs":true,"m_FxEnabled":true},"in2DMode":false,"pivot":{"x":0.47834113240242007,"y":2.3349409103393556,"z":33.29401397705078},"rotation":{"x":0.2037540078163147,"y":0.052835822105407718,"z":-0.012755531817674637,"w":0.9780239462852478},"size":0.8676609396934509,"orthographic":false}