{"cameraMode":{"drawMode":0,"name":"Shaded","section":"Shading Mode"},"sceneLighting":false,"audioPlay":false,"sceneViewState":{"m_AlwaysRefresh":false,"showFog":true,"showSkybox":false,"showFlares":true,"showImageEffects":true,"showParticleSystems":true,"showVisualEffectGraphs":true,"m_FxEnabled":true},"in2DMode":false,"pivot":{"x":0.316500186920166,"y":5.082650184631348,"z":146.78399658203126},"rotation":{"x":-0.0015360398683696986,"y":0.9996187686920166,"z":-0.04049317166209221,"w":-0.000006078672413423192},"size":7.986166954040527,"orthographic":false}