{"cameraMode":{"drawMode":0,"name":"Shaded","section":"Shading Mode"},"sceneLighting":false,"audioPlay":false,"sceneViewState":{"m_AlwaysRefresh":false,"showFog":true,"showSkybox":false,"showFlares":true,"showImageEffects":true,"showParticleSystems":true,"showVisualEffectGraphs":true,"m_FxEnabled":true},"in2DMode":false,"pivot":{"x":-1.9647504091262818,"y":0.9616482257843018,"z":130.18353271484376},"rotation":{"x":0.026702186092734338,"y":0.1378038376569748,"z":-0.003973078448325396,"w":0.9901894927024841},"size":0.8660253882408142,"orthographic":false}