{"cameraMode":{"drawMode":0,"name":"Shaded","section":"Shading Mode"},"sceneLighting":true,"audioPlay":false,"sceneViewState":{"m_AlwaysRefresh":false,"showFog":true,"showSkybox":false,"showFlares":true,"showImageEffects":true,"showParticleSystems":true,"showVisualEffectGraphs":true,"m_FxEnabled":true},"in2DMode":false,"pivot":{"x":0.43824630975723269,"y":1.421339511871338,"z":109.55142974853516},"rotation":{"x":-0.19971279799938203,"y":-0.11428121477365494,"z":0.023960262537002565,"w":-0.973048985004425},"size":0.9849390387535095,"orthographic":false}