{"cameraMode":{"drawMode":0,"name":"Shaded","section":"Shading Mode"},"sceneLighting":false,"audioPlay":false,"sceneViewState":{"m_AlwaysRefresh":false,"showFog":true,"showSkybox":false,"showFlares":true,"showImageEffects":true,"showParticleSystems":true,"showVisualEffectGraphs":true,"m_FxEnabled":true},"in2DMode":false,"pivot":{"x":0.43824630975723269,"y":1.421339511871338,"z":109.55142974853516},"rotation":{"x":0.2808624505996704,"y":0.044821593910455707,"z":-0.013378535397350788,"w":0.9587098360061646},"size":0.9849390387535095,"orthographic":false}