{"cameraMode":{"drawMode":0,"name":"Shaded","section":"Shading Mode"},"sceneLighting":false,"audioPlay":false,"sceneViewState":{"m_AlwaysRefresh":false,"showFog":true,"showSkybox":false,"showFlares":true,"showImageEffects":true,"showParticleSystems":true,"showVisualEffectGraphs":true,"m_FxEnabled":true},"in2DMode":false,"pivot":{"x":-1.4571954011917115,"y":1.3282309770584107,"z":121.00965118408203},"rotation":{"x":0.10792125016450882,"y":0.5654271841049194,"z":-0.07536379247903824,"w":0.8144164085388184},"size":1.8911702632904053,"orthographic":false}