{"cameraMode":{"drawMode":0,"name":"Shaded","section":"Shading Mode"},"sceneLighting":false,"audioPlay":false,"sceneViewState":{"m_AlwaysRefresh":false,"showFog":true,"showSkybox":false,"showFlares":true,"showImageEffects":true,"showParticleSystems":true,"showVisualEffectGraphs":true,"m_FxEnabled":true},"in2DMode":false,"pivot":{"x":-1.3600000143051148,"y":0.8999996185302734,"z":124.56999969482422},"rotation":{"x":0.2808624505996704,"y":0.044821593910455707,"z":-0.013378535397350788,"w":0.9587098360061646},"size":2.36602520942688,"orthographic":false}