{"cameraMode":{"drawMode":0,"name":"Shaded","section":"Shading Mode"},"sceneLighting":false,"audioPlay":false,"sceneViewState":{"m_AlwaysRefresh":false,"showFog":true,"showSkybox":false,"showFlares":true,"showImageEffects":true,"showParticleSystems":true,"showVisualEffectGraphs":true,"m_FxEnabled":true},"in2DMode":false,"pivot":{"x":-2.655301809310913,"y":-0.02100205421447754,"z":-0.029659032821655275},"rotation":{"x":0.06879997998476029,"y":0.06340775638818741,"z":-0.004471835680305958,"w":0.9956679344177246},"size":2.666025161743164,"orthographic":false}